,,,,,,,,,,
Descriere material,NAE/UPC,Denumire produs,Cod EAN,GPJ(Garantie PJ),Garantie produs,,Durata Medie Utilizare,,,Nume furnizor
1011106,812,SUPORT LCD 01 237,8693640000237,S,60,60,120,,1544,GENCOM STAR E-M SRL
3018038,320,SUPORT ARAGAZ/FRIGIDER BT 02,8693640000718,S,60,60,60,,1544,GENCOM STAR E-M SRL
3026742,320,SUPORT ARAGAZ/FRIGIDER WMS-02M,6956745153270,S,60,60,60,,1544,GENCOM STAR E-M SRL
6009954,320,SUPORT CUPTOR MICROUNDE DK503,8693640000503,S,60,60,60,,1544,GENCOM STAR E-M SRL
8010593,812,SUPORT LCD 251 DL,8010593,L,60,60,120,,1544,GENCOM STAR E-M SRL
8010594,812,SUPORT RECEIVER / DVD RS 428,8693640000428,L,60,60,120,,1544,GENCOM STAR E-M SRL
8012131,812,SUPORT LCD PLASMA PLZ 909,8693640000909,S,60,60,120,,1544,GENCOM STAR E-M SRL
8013756,812,SUPORT LCD 220 25-68CM,8013756,L,60,60,120,,1544,GENCOM STAR E-M SRL
8028045,812,SUPORT LCD H 480,8693640005379,S,60,60,120,,1544,GENCOM STAR E-M SRL
8029790,812,SUPORT LCD H 190,8693640005355,L,60,60,120,,1544,GENCOM STAR E-M SRL
8029791,812,SUPORT LCD H 260,8693640005362,S,60,60,120,,1544,GENCOM STAR E-M SRL
8029792,812,SUPORT LCD S 200 ZZ,8693640005300,S,60,60,120,,1544,GENCOM STAR E-M SRL
8030413,812,SUPORT LCD 113 DL,8030413,L,60,60,120,,1544,GENCOM STAR E-M SRL
8030414,812,SUPORT LCD 114 DL,8030414,L,60,60,120,,1544,GENCOM STAR E-M SRL
8043044,812,SUPORT LCD COD PLZ 360,8693640000367,L,60,60,120,,1544,GENCOM STAR E-M SRL
8043131,812,SUPORT LCD 2231,8693640002231,S,60,60,120,,1544,GENCOM STAR E-M SRL
8043389,812,SUPORT LCD SD 740,8693640000886,S,60,60,120,,1544,GENCOM STAR E-M SRL
8043390,812,SUPORT LCD PLZ-923,8693640000923,S,60,60,120,,1544,GENCOM STAR E-M SRL
8047817,812,SUPORT LCD 2316,8693640002316,S,60,60,120,,1544,GENCOM STAR E-M SRL
8047818,812,SUPORT LCD 2323,8693640002323,S,60,60,120,,1544,GENCOM STAR E-M SRL
8049561,812,SUPORT LCD 115,6956745154932,S,60,60,120,,1544,GENCOM STAR E-M SRL
8049562,812,SUPORT LCD 116 DL,6956745154925,L,60,60,120,,1544,GENCOM STAR E-M SRL
8131337,812,SUPORT TV LED 216,6974215089782,S,60,60,120,,1544,GENCOM STAR E-M SRL
8132694,812,SUPORT TV LED 215,6974215089799,S,60,60,120,,1544,GENCOM STAR E-M SRL
,,SUPORT LCD CU PRINDERE DE TAVAN TA6095,8693640000848,,60,,120,,,GENCOM STAR E-M SRL
,,STAND TV SL-1,,,,,,,,
,,SUPORT LCD LED 200,6974215089997,,60,,120,,,GENCOM STAR E-M SRL
,,,,,,,,,,
